GEOID,NAME,variable,MedHHinc,moe
53033000101,Census Tract 1.01; King County; Washington,medHHInc,69028,18363
53033000102,Census Tract 1.02; King County; Washington,medHHInc,87437,14048
53033000201,Census Tract 2.01; King County; Washington,medHHInc,83833,32678
53033000202,Census Tract 2.02; King County; Washington,medHHInc,136597,10669
53033000300,Census Tract 3; King County; Washington,medHHInc,129375,29933
53033000402,Census Tract 4.02; King County; Washington,medHHInc,99167,27236
53033000403,Census Tract 4.03; King County; Washington,medHHInc,70922,9611
53033000404,Census Tract 4.04; King County; Washington,medHHInc,46185,9381
53033000500,Census Tract 5; King County; Washington,medHHInc,207738,49540
53033000601,Census Tract 6.01; King County; Washington,medHHInc,94250,20812
53033000602,Census Tract 6.02; King County; Washington,medHHInc,106983,19063
53033000700,Census Tract 7; King County; Washington,medHHInc,107773,23711
53033000800,Census Tract 8; King County; Washington,medHHInc,140042,30793
53033000900,Census Tract 9; King County; Washington,medHHInc,134211,21969
53033001000,Census Tract 10; King County; Washington,medHHInc,146467,28323
53033001100,Census Tract 11; King County; Washington,medHHInc,143155,11240
53033001201,Census Tract 12.01; King County; Washington,medHHInc,49098,15307
53033001202,Census Tract 12.02; King County; Washington,medHHInc,88979,26141
53033001300,Census Tract 13; King County; Washington,medHHInc,93355,12721
53033001400,Census Tract 14; King County; Washington,medHHInc,127672,19401
53033001500,Census Tract 15; King County; Washington,medHHInc,194286,40588
53033001600,Census Tract 16; King County; Washington,medHHInc,229808,22009
53033001701,Census Tract 17.01; King County; Washington,medHHInc,130035,24226
53033001702,Census Tract 17.02; King County; Washington,medHHInc,124099,23580
53033001800,Census Tract 18; King County; Washington,medHHInc,115168,17242
53033001900,Census Tract 19; King County; Washington,medHHInc,139697,19000
53033002000,Census Tract 20; King County; Washington,medHHInc,156920,17015
53033002100,Census Tract 21; King County; Washington,medHHInc,137857,32076
53033002200,Census Tract 22; King County; Washington,medHHInc,189344,15178
53033002400,Census Tract 24; King County; Washington,medHHInc,168059,25992
53033002500,Census Tract 25; King County; Washington,medHHInc,163824,15768
53033002600,Census Tract 26; King County; Washington,medHHInc,147066,65694
53033002700,Census Tract 27; King County; Washington,medHHInc,220329,25066
53033002800,Census Tract 28; King County; Washington,medHHInc,142813,27311
53033002900,Census Tract 29; King County; Washington,medHHInc,124815,62223
53033003000,Census Tract 30; King County; Washington,medHHInc,188229,35048
53033003100,Census Tract 31; King County; Washington,medHHInc,186563,21471
53033003201,Census Tract 32.01; King County; Washington,medHHInc,126880,25984
53033003202,Census Tract 32.02; King County; Washington,medHHInc,163836,22830
53033003301,Census Tract 33.01; King County; Washington,medHHInc,128105,23865
53033003302,Census Tract 33.02; King County; Washington,medHHInc,162083,40663
53033003400,Census Tract 34; King County; Washington,medHHInc,181161,32816
53033003500,Census Tract 35; King County; Washington,medHHInc,145089,35737
53033003601,Census Tract 36.01; King County; Washington,medHHInc,117375,38116
53033003602,Census Tract 36.02; King County; Washington,medHHInc,100954,30345
53033003800,Census Tract 38; King County; Washington,medHHInc,175417,92614
53033003900,Census Tract 39; King County; Washington,medHHInc,211406,20879
53033004000,Census Tract 40; King County; Washington,medHHInc,122368,28292
53033004101,Census Tract 41.01; King County; Washington,medHHInc,250001,
53033004102,Census Tract 41.02; King County; Washington,medHHInc,221211,30505
53033004201,Census Tract 42.01; King County; Washington,medHHInc,191111,33792
53033004202,Census Tract 42.02; King County; Washington,medHHInc,193092,58474
53033004301,Census Tract 43.01; King County; Washington,medHHInc,116111,28198
53033004302,Census Tract 43.02; King County; Washington,medHHInc,47690,13734
53033004401,Census Tract 44.01; King County; Washington,medHHInc,136389,51771
53033004402,Census Tract 44.02; King County; Washington,medHHInc,59716,12311
53033004500,Census Tract 45; King County; Washington,medHHInc,183235,44049
53033004600,Census Tract 46; King County; Washington,medHHInc,163056,25393
53033004701,Census Tract 47.01; King County; Washington,medHHInc,112872,27688
53033004702,Census Tract 47.02; King County; Washington,medHHInc,137487,23445
53033004703,Census Tract 47.03; King County; Washington,medHHInc,160833,27582
53033004800,Census Tract 48; King County; Washington,medHHInc,145329,55727
53033004901,Census Tract 49.01; King County; Washington,medHHInc,119969,23903
53033004902,Census Tract 49.02; King County; Washington,medHHInc,124743,43940
53033005000,Census Tract 50; King County; Washington,medHHInc,108994,39599
53033005100,Census Tract 51; King County; Washington,medHHInc,147656,34035
53033005201,Census Tract 52.01; King County; Washington,medHHInc,113298,29049
53033005202,Census Tract 52.02; King County; Washington,medHHInc,48573,22972
53033005303,Census Tract 53.03; King County; Washington,medHHInc,38625,35000
53033005304,Census Tract 53.04; King County; Washington,medHHInc,25083,11318
53033005305,Census Tract 53.05; King County; Washington,medHHInc,28864,12443
53033005306,Census Tract 53.06; King County; Washington,medHHInc,42941,19455
53033005307,Census Tract 53.07; King County; Washington,medHHInc,40548,19427
53033005401,Census Tract 54.01; King County; Washington,medHHInc,139519,28602
53033005402,Census Tract 54.02; King County; Washington,medHHInc,108500,25437
53033005600,Census Tract 56; King County; Washington,medHHInc,220244,27326
53033005700,Census Tract 57; King County; Washington,medHHInc,185409,43041
53033005801,Census Tract 58.01; King County; Washington,medHHInc,137104,18567
53033005803,Census Tract 58.03; King County; Washington,medHHInc,169263,20719
53033005804,Census Tract 58.04; King County; Washington,medHHInc,100873,5516
53033005901,Census Tract 59.01; King County; Washington,medHHInc,158074,43741
53033005902,Census Tract 59.02; King County; Washington,medHHInc,177314,30642
53033006000,Census Tract 60; King County; Washington,medHHInc,144559,28256
53033006100,Census Tract 61; King County; Washington,medHHInc,138986,26401
53033006200,Census Tract 62; King County; Washington,medHHInc,250001,
53033006300,Census Tract 63; King County; Washington,medHHInc,189236,69377
53033006400,Census Tract 64; King County; Washington,medHHInc,223462,55486
53033006500,Census Tract 65; King County; Washington,medHHInc,167865,32356
53033006600,Census Tract 66; King County; Washington,medHHInc,136747,21481
53033006701,Census Tract 67.01; King County; Washington,medHHInc,162734,34007
53033006702,Census Tract 67.02; King County; Washington,medHHInc,136541,43564
53033006703,Census Tract 67.03; King County; Washington,medHHInc,124254,16934
53033006800,Census Tract 68; King County; Washington,medHHInc,173295,36311
53033006900,Census Tract 69; King County; Washington,medHHInc,182917,36866
53033007001,Census Tract 70.01; King County; Washington,medHHInc,71735,21457
53033007002,Census Tract 70.02; King County; Washington,medHHInc,97284,27188
53033007101,Census Tract 71.01; King County; Washington,medHHInc,117292,14426
53033007102,Census Tract 71.02; King County; Washington,medHHInc,127250,33678
53033007201,Census Tract 72.01; King County; Washington,medHHInc,106736,53059
53033007202,Census Tract 72.02; King County; Washington,medHHInc,170700,41311
53033007203,Census Tract 72.03; King County; Washington,medHHInc,133679,14039
53033007301,Census Tract 73.01; King County; Washington,medHHInc,103382,40433
53033007302,Census Tract 73.02; King County; Washington,medHHInc,176513,22149
53033007303,Census Tract 73.03; King County; Washington,medHHInc,159260,31620
53033007403,Census Tract 74.03; King County; Washington,medHHInc,104342,35288
53033007404,Census Tract 74.04; King County; Washington,medHHInc,99227,25478
53033007405,Census Tract 74.05; King County; Washington,medHHInc,102985,17983
53033007406,Census Tract 74.06; King County; Washington,medHHInc,62995,13365
53033007501,Census Tract 75.01; King County; Washington,medHHInc,72542,26327
53033007502,Census Tract 75.02; King County; Washington,medHHInc,104906,37740
53033007503,Census Tract 75.03; King County; Washington,medHHInc,125819,63104
53033007600,Census Tract 76; King County; Washington,medHHInc,132158,9479
53033007700,Census Tract 77; King County; Washington,medHHInc,163950,20149
53033007800,Census Tract 78; King County; Washington,medHHInc,196667,21499
53033007901,Census Tract 79.01; King County; Washington,medHHInc,76033,24623
53033007902,Census Tract 79.02; King County; Washington,medHHInc,110586,24019
53033008002,Census Tract 80.02; King County; Washington,medHHInc,121341,12067
53033008003,Census Tract 80.03; King County; Washington,medHHInc,102437,46056
53033008004,Census Tract 80.04; King County; Washington,medHHInc,187179,36830
53033008101,Census Tract 81.01; King County; Washington,medHHInc,118657,27384
53033008102,Census Tract 81.02; King County; Washington,medHHInc,145642,35046
53033008200,Census Tract 82; King County; Washington,medHHInc,135931,16544
53033008300,Census Tract 83; King County; Washington,medHHInc,92969,22659
53033008401,Census Tract 84.01; King County; Washington,medHHInc,107050,45842
53033008402,Census Tract 84.02; King County; Washington,medHHInc,81574,16193
53033008500,Census Tract 85; King County; Washington,medHHInc,69148,15984
53033008600,Census Tract 86; King County; Washington,medHHInc,87159,25879
53033008700,Census Tract 87; King County; Washington,medHHInc,177510,30980
53033008800,Census Tract 88; King County; Washington,medHHInc,134522,35820
53033008900,Census Tract 89; King County; Washington,medHHInc,102556,17960
53033009000,Census Tract 90; King County; Washington,medHHInc,62443,33197
53033009100,Census Tract 91; King County; Washington,medHHInc,37793,19685
53033009200,Census Tract 92; King County; Washington,medHHInc,39117,6789
53033009300,Census Tract 93; King County; Washington,medHHInc,120455,30977
53033009400,Census Tract 94; King County; Washington,medHHInc,94185,28254
53033009500,Census Tract 95; King County; Washington,medHHInc,141116,39590
53033009600,Census Tract 96; King County; Washington,medHHInc,157846,43721
53033009701,Census Tract 97.01; King County; Washington,medHHInc,121875,29641
53033009702,Census Tract 97.02; King County; Washington,medHHInc,171696,44761
53033009801,Census Tract 98.01; King County; Washington,medHHInc,102725,22849
53033009802,Census Tract 98.02; King County; Washington,medHHInc,130197,26638
53033009900,Census Tract 99; King County; Washington,medHHInc,109050,24135
53033010001,Census Tract 100.01; King County; Washington,medHHInc,87113,28357
53033010002,Census Tract 100.02; King County; Washington,medHHInc,103263,16676
53033010101,Census Tract 101.01; King County; Washington,medHHInc,46863,10468
53033010102,Census Tract 101.02; King County; Washington,medHHInc,144323,39427
53033010200,Census Tract 102; King County; Washington,medHHInc,166979,40433
53033010301,Census Tract 103.01; King County; Washington,medHHInc,129563,37803
53033010302,Census Tract 103.02; King County; Washington,medHHInc,126157,6893
53033010401,Census Tract 104.01; King County; Washington,medHHInc,134620,9727
53033010402,Census Tract 104.02; King County; Washington,medHHInc,96891,18721
53033010501,Census Tract 105.01; King County; Washington,medHHInc,116142,16109
53033010502,Census Tract 105.02; King County; Washington,medHHInc,120518,35268
53033010601,Census Tract 106.01; King County; Washington,medHHInc,149542,18011
53033010602,Census Tract 106.02; King County; Washington,medHHInc,104244,67460
53033010701,Census Tract 107.01; King County; Washington,medHHInc,102330,27373
53033010702,Census Tract 107.02; King County; Washington,medHHInc,95410,31457
53033010800,Census Tract 108; King County; Washington,medHHInc,149375,23050
53033010900,Census Tract 109; King County; Washington,medHHInc,96250,69051
53033011001,Census Tract 110.01; King County; Washington,medHHInc,51546,38562
53033011002,Census Tract 110.02; King County; Washington,medHHInc,82386,25399
53033011101,Census Tract 111.01; King County; Washington,medHHInc,91284,18849
53033011102,Census Tract 111.02; King County; Washington,medHHInc,112125,52550
53033011200,Census Tract 112; King County; Washington,medHHInc,83397,17159
53033011300,Census Tract 113; King County; Washington,medHHInc,127075,37641
53033011401,Census Tract 114.01; King County; Washington,medHHInc,101563,18833
53033011402,Census Tract 114.02; King County; Washington,medHHInc,107632,22178
53033011500,Census Tract 115; King County; Washington,medHHInc,124613,20017
53033011601,Census Tract 116.01; King County; Washington,medHHInc,164157,40225
53033011602,Census Tract 116.02; King County; Washington,medHHInc,148125,19366
53033011700,Census Tract 117; King County; Washington,medHHInc,87125,11726
53033011801,Census Tract 118.01; King County; Washington,medHHInc,92049,23906
53033011802,Census Tract 118.02; King County; Washington,medHHInc,68942,46391
53033011901,Census Tract 119.01; King County; Washington,medHHInc,146250,54465
53033011902,Census Tract 119.02; King County; Washington,medHHInc,130865,53249
53033012000,Census Tract 120; King County; Washington,medHHInc,117500,16755
53033012100,Census Tract 121; King County; Washington,medHHInc,187131,24920
53033020100,Census Tract 201; King County; Washington,medHHInc,146065,34598
53033020200,Census Tract 202; King County; Washington,medHHInc,97212,28701
53033020301,Census Tract 203.01; King County; Washington,medHHInc,92642,28266
53033020302,Census Tract 203.02; King County; Washington,medHHInc,96090,22876
53033020401,Census Tract 204.01; King County; Washington,medHHInc,98472,12411
53033020402,Census Tract 204.02; King County; Washington,medHHInc,121484,17408
53033020500,Census Tract 205; King County; Washington,medHHInc,131563,25431
53033020600,Census Tract 206; King County; Washington,medHHInc,165708,16892
53033020700,Census Tract 207; King County; Washington,medHHInc,100046,8980
53033020800,Census Tract 208; King County; Washington,medHHInc,163816,19523
53033020900,Census Tract 209; King County; Washington,medHHInc,111923,20319
53033021000,Census Tract 210; King County; Washington,medHHInc,115000,17971
53033021100,Census Tract 211; King County; Washington,medHHInc,119219,24975
53033021300,Census Tract 213; King County; Washington,medHHInc,125125,30296
53033021400,Census Tract 214; King County; Washington,medHHInc,159100,29605
53033021500,Census Tract 215; King County; Washington,medHHInc,192676,21636
53033021600,Census Tract 216; King County; Washington,medHHInc,128571,23003
53033021701,Census Tract 217.01; King County; Washington,medHHInc,180977,16485
53033021702,Census Tract 217.02; King County; Washington,medHHInc,83357,17039
53033021802,Census Tract 218.02; King County; Washington,medHHInc,153801,35397
53033021803,Census Tract 218.03; King County; Washington,medHHInc,125104,20420
53033021804,Census Tract 218.04; King County; Washington,medHHInc,121194,22753
53033021903,Census Tract 219.03; King County; Washington,medHHInc,91450,7830
53033021904,Census Tract 219.04; King County; Washington,medHHInc,167109,27504
53033021905,Census Tract 219.05; King County; Washington,medHHInc,130469,19587
53033021906,Census Tract 219.06; King County; Washington,medHHInc,153974,14242
53033022001,Census Tract 220.01; King County; Washington,medHHInc,115795,20349
53033022003,Census Tract 220.03; King County; Washington,medHHInc,130066,23521
53033022005,Census Tract 220.05; King County; Washington,medHHInc,120417,41497
53033022006,Census Tract 220.06; King County; Washington,medHHInc,128616,20457
53033022101,Census Tract 221.01; King County; Washington,medHHInc,180345,21282
53033022102,Census Tract 221.02; King County; Washington,medHHInc,175577,36741
53033022201,Census Tract 222.01; King County; Washington,medHHInc,128438,23907
53033022203,Census Tract 222.03; King County; Washington,medHHInc,154412,36133
53033022204,Census Tract 222.04; King County; Washington,medHHInc,128625,11087
53033022205,Census Tract 222.05; King County; Washington,medHHInc,117754,12669
53033022300,Census Tract 223; King County; Washington,medHHInc,198375,32205
53033022401,Census Tract 224.01; King County; Washington,medHHInc,174426,17267
53033022402,Census Tract 224.02; King County; Washington,medHHInc,158260,33142
53033022501,Census Tract 225.01; King County; Washington,medHHInc,190913,55054
53033022502,Census Tract 225.02; King County; Washington,medHHInc,146970,29285
53033022603,Census Tract 226.03; King County; Washington,medHHInc,163413,31683
53033022604,Census Tract 226.04; King County; Washington,medHHInc,185016,20748
53033022605,Census Tract 226.05; King County; Washington,medHHInc,132652,35071
53033022606,Census Tract 226.06; King County; Washington,medHHInc,185988,47588
53033022701,Census Tract 227.01; King County; Washington,medHHInc,177802,20426
53033022702,Census Tract 227.02; King County; Washington,medHHInc,225592,38774
53033022703,Census Tract 227.03; King County; Washington,medHHInc,228250,34780
53033022802,Census Tract 228.02; King County; Washington,medHHInc,164237,15044
53033022803,Census Tract 228.03; King County; Washington,medHHInc,174623,11371
53033022804,Census Tract 228.04; King County; Washington,medHHInc,103974,28499
53033022805,Census Tract 228.05; King County; Washington,medHHInc,157866,16926
53033022901,Census Tract 229.01; King County; Washington,medHHInc,186563,9590
53033022902,Census Tract 229.02; King County; Washington,medHHInc,204390,31537
53033023000,Census Tract 230; King County; Washington,medHHInc,182054,26187
53033023100,Census Tract 231; King County; Washington,medHHInc,191250,34551
53033023201,Census Tract 232.01; King County; Washington,medHHInc,111886,16961
53033023202,Census Tract 232.02; King County; Washington,medHHInc,95270,8795
53033023300,Census Tract 233; King County; Washington,medHHInc,175357,25350
53033023401,Census Tract 234.01; King County; Washington,medHHInc,142875,35395
53033023403,Census Tract 234.03; King County; Washington,medHHInc,159405,19946
53033023404,Census Tract 234.04; King County; Washington,medHHInc,166979,52511
53033023500,Census Tract 235; King County; Washington,medHHInc,148894,28359
53033023601,Census Tract 236.01; King County; Washington,medHHInc,166944,19154
53033023603,Census Tract 236.03; King County; Washington,medHHInc,142731,31943
53033023604,Census Tract 236.04; King County; Washington,medHHInc,124306,25833
53033023701,Census Tract 237.01; King County; Washington,medHHInc,208289,13682
53033023702,Census Tract 237.02; King County; Washington,medHHInc,137656,44356
53033023801,Census Tract 238.01; King County; Washington,medHHInc,132429,28905
53033023805,Census Tract 238.05; King County; Washington,medHHInc,164747,22024
53033023806,Census Tract 238.06; King County; Washington,medHHInc,162695,36890
53033023807,Census Tract 238.07; King County; Washington,medHHInc,186914,30977
53033023808,Census Tract 238.08; King County; Washington,medHHInc,139861,9224
53033023901,Census Tract 239.01; King County; Washington,medHHInc,138872,41341
53033023902,Census Tract 239.02; King County; Washington,medHHInc,250001,
53033024001,Census Tract 240.01; King County; Washington,medHHInc,181078,49506
53033024002,Census Tract 240.02; King County; Washington,medHHInc,163750,47595
53033024100,Census Tract 241; King County; Washington,medHHInc,250001,
53033024200,Census Tract 242; King County; Washington,medHHInc,249688,41527
53033024301,Census Tract 243.01; King County; Washington,medHHInc,115357,32787
53033024302,Census Tract 243.02; King County; Washington,medHHInc,212708,96151
53033024400,Census Tract 244; King County; Washington,medHHInc,126520,21897
53033024500,Census Tract 245; King County; Washington,medHHInc,250001,
53033024601,Census Tract 246.01; King County; Washington,medHHInc,250001,
53033024602,Census Tract 246.02; King County; Washington,medHHInc,250001,
53033024701,Census Tract 247.01; King County; Washington,medHHInc,137721,18309
53033024703,Census Tract 247.03; King County; Washington,medHHInc,220964,37208
53033024704,Census Tract 247.04; King County; Washington,medHHInc,153000,37515
53033024800,Census Tract 248; King County; Washington,medHHInc,153042,29378
53033024901,Census Tract 249.01; King County; Washington,medHHInc,196193,25258
53033024902,Census Tract 249.02; King County; Washington,medHHInc,223250,31863
53033024904,Census Tract 249.04; King County; Washington,medHHInc,231641,60408
53033024905,Census Tract 249.05; King County; Washington,medHHInc,250001,
53033025001,Census Tract 250.01; King County; Washington,medHHInc,170852,31112
53033025005,Census Tract 250.05; King County; Washington,medHHInc,163250,31386
53033025006,Census Tract 250.06; King County; Washington,medHHInc,186452,51174
53033025007,Census Tract 250.07; King County; Washington,medHHInc,139286,41816
53033025008,Census Tract 250.08; King County; Washington,medHHInc,250001,
53033025101,Census Tract 251.01; King County; Washington,medHHInc,122801,24679
53033025103,Census Tract 251.03; King County; Washington,medHHInc,131678,21366
53033025104,Census Tract 251.04; King County; Washington,medHHInc,201892,50157
53033025201,Census Tract 252.01; King County; Washington,medHHInc,110365,47513
53033025202,Census Tract 252.02; King County; Washington,medHHInc,118280,20487
53033025302,Census Tract 253.02; King County; Washington,medHHInc,52425,12394
53033025303,Census Tract 253.03; King County; Washington,medHHInc,89792,27385
53033025304,Census Tract 253.04; King County; Washington,medHHInc,126563,31726
53033025401,Census Tract 254.01; King County; Washington,medHHInc,84313,30254
53033025402,Census Tract 254.02; King County; Washington,medHHInc,101875,25888
53033025500,Census Tract 255; King County; Washington,medHHInc,80226,11071
53033025601,Census Tract 256.01; King County; Washington,medHHInc,83784,13775
53033025602,Census Tract 256.02; King County; Washington,medHHInc,153538,49167
53033025702,Census Tract 257.02; King County; Washington,medHHInc,143503,10573
53033025703,Census Tract 257.03; King County; Washington,medHHInc,79128,7459
53033025704,Census Tract 257.04; King County; Washington,medHHInc,64464,48349
53033025803,Census Tract 258.03; King County; Washington,medHHInc,83500,8751
53033025804,Census Tract 258.04; King County; Washington,medHHInc,103776,24186
53033025805,Census Tract 258.05; King County; Washington,medHHInc,105833,13329
53033025806,Census Tract 258.06; King County; Washington,medHHInc,98229,13236
53033026001,Census Tract 260.01; King County; Washington,medHHInc,119622,10924
53033026003,Census Tract 260.03; King County; Washington,medHHInc,66321,7090
53033026004,Census Tract 260.04; King County; Washington,medHHInc,136351,57303
53033026101,Census Tract 261.01; King County; Washington,medHHInc,78829,16172
53033026102,Census Tract 261.02; King County; Washington,medHHInc,69219,32829
53033026200,Census Tract 262; King County; Washington,medHHInc,74621,10804
53033026300,Census Tract 263; King County; Washington,medHHInc,79000,11231
53033026400,Census Tract 264; King County; Washington,medHHInc,77667,15967
53033026500,Census Tract 265; King County; Washington,medHHInc,66932,13101
53033026600,Census Tract 266; King County; Washington,medHHInc,111563,14594
53033026700,Census Tract 267; King County; Washington,medHHInc,126250,37850
53033026801,Census Tract 268.01; King County; Washington,medHHInc,77004,17331
53033026802,Census Tract 268.02; King County; Washington,medHHInc,82010,18983
53033027000,Census Tract 270; King County; Washington,medHHInc,107944,17660
53033027100,Census Tract 271; King County; Washington,medHHInc,75274,16867
53033027200,Census Tract 272; King County; Washington,medHHInc,84722,22879
53033027300,Census Tract 273; King County; Washington,medHHInc,102224,20150
53033027400,Census Tract 274; King County; Washington,medHHInc,82383,14993
53033027500,Census Tract 275; King County; Washington,medHHInc,79667,16440
53033027600,Census Tract 276; King County; Washington,medHHInc,94875,18279
53033027701,Census Tract 277.01; King County; Washington,medHHInc,106204,26005
53033027702,Census Tract 277.02; King County; Washington,medHHInc,125587,11252
53033027800,Census Tract 278; King County; Washington,medHHInc,165556,49319
53033027901,Census Tract 279.01; King County; Washington,medHHInc,138036,57561
53033027902,Census Tract 279.02; King County; Washington,medHHInc,63378,17892
53033028000,Census Tract 280; King County; Washington,medHHInc,84063,2335
53033028100,Census Tract 281; King County; Washington,medHHInc,67083,19402
53033028200,Census Tract 282; King County; Washington,medHHInc,70708,13248
53033028300,Census Tract 283; King County; Washington,medHHInc,112984,6199
53033028402,Census Tract 284.02; King County; Washington,medHHInc,79476,8048
53033028403,Census Tract 284.03; King County; Washington,medHHInc,58706,14234
53033028500,Census Tract 285; King County; Washington,medHHInc,103333,13826
53033028600,Census Tract 286; King County; Washington,medHHInc,141707,28438
53033028700,Census Tract 287; King County; Washington,medHHInc,131786,10799
53033028801,Census Tract 288.01; King County; Washington,medHHInc,69196,15440
53033028802,Census Tract 288.02; King County; Washington,medHHInc,61340,15440
53033028901,Census Tract 289.01; King County; Washington,medHHInc,82695,24766
53033028902,Census Tract 289.02; King County; Washington,medHHInc,58299,8661
53033029001,Census Tract 290.01; King County; Washington,medHHInc,102273,13078
53033029003,Census Tract 290.03; King County; Washington,medHHInc,92292,26590
53033029004,Census Tract 290.04; King County; Washington,medHHInc,53860,9746
53033029101,Census Tract 291.01; King County; Washington,medHHInc,89750,20624
53033029102,Census Tract 291.02; King County; Washington,medHHInc,82313,25580
53033029203,Census Tract 292.03; King County; Washington,medHHInc,78433,13754
53033029205,Census Tract 292.05; King County; Washington,medHHInc,90833,8891
53033029206,Census Tract 292.06; King County; Washington,medHHInc,47487,10870
53033029207,Census Tract 292.07; King County; Washington,medHHInc,114674,12823
53033029208,Census Tract 292.08; King County; Washington,medHHInc,69034,22944
53033029304,Census Tract 293.04; King County; Washington,medHHInc,116216,16797
53033029305,Census Tract 293.05; King County; Washington,medHHInc,109460,18119
53033029306,Census Tract 293.06; King County; Washington,medHHInc,114615,9188
53033029307,Census Tract 293.07; King County; Washington,medHHInc,112857,41952
53033029308,Census Tract 293.08; King County; Washington,medHHInc,120495,35402
53033029309,Census Tract 293.09; King County; Washington,medHHInc,100923,16445
53033029403,Census Tract 294.03; King County; Washington,medHHInc,108890,26499
53033029405,Census Tract 294.05; King County; Washington,medHHInc,142650,19366
53033029406,Census Tract 294.06; King County; Washington,medHHInc,126860,6924
53033029407,Census Tract 294.07; King County; Washington,medHHInc,68596,11874
53033029408,Census Tract 294.08; King County; Washington,medHHInc,64674,14679
53033029504,Census Tract 295.04; King County; Washington,medHHInc,93355,11655
53033029505,Census Tract 295.05; King County; Washington,medHHInc,63854,12765
53033029506,Census Tract 295.06; King County; Washington,medHHInc,64953,3676
53033029507,Census Tract 295.07; King County; Washington,medHHInc,133281,24168
53033029508,Census Tract 295.08; King County; Washington,medHHInc,137906,33644
53033029602,Census Tract 296.02; King County; Washington,medHHInc,147165,12921
53033029603,Census Tract 296.03; King County; Washington,medHHInc,123750,25598
53033029604,Census Tract 296.04; King County; Washington,medHHInc,84375,14342
53033029701,Census Tract 297.01; King County; Washington,medHHInc,68612,8294
53033029702,Census Tract 297.02; King County; Washington,medHHInc,83735,9647
53033029803,Census Tract 298.03; King County; Washington,medHHInc,88992,18277
53033029804,Census Tract 298.04; King County; Washington,medHHInc,135064,21304
53033029805,Census Tract 298.05; King County; Washington,medHHInc,119312,19395
53033029806,Census Tract 298.06; King County; Washington,medHHInc,102301,31346
53033029901,Census Tract 299.01; King County; Washington,medHHInc,102014,20180
53033029902,Census Tract 299.02; King County; Washington,medHHInc,147554,24766
53033030003,Census Tract 300.03; King County; Washington,medHHInc,91632,19900
53033030005,Census Tract 300.05; King County; Washington,medHHInc,97535,14529
53033030006,Census Tract 300.06; King County; Washington,medHHInc,54464,6787
53033030007,Census Tract 300.07; King County; Washington,medHHInc,49228,5256
53033030008,Census Tract 300.08; King County; Washington,medHHInc,72629,15144
53033030101,Census Tract 301.01; King County; Washington,medHHInc,103371,24776
53033030102,Census Tract 301.02; King County; Washington,medHHInc,124884,39870
53033030201,Census Tract 302.01; King County; Washington,medHHInc,91205,13948
53033030203,Census Tract 302.03; King County; Washington,medHHInc,62734,21887
53033030204,Census Tract 302.04; King County; Washington,medHHInc,62382,16337
53033030304,Census Tract 303.04; King County; Washington,medHHInc,78232,2860
53033030305,Census Tract 303.05; King County; Washington,medHHInc,106864,34816
53033030306,Census Tract 303.06; King County; Washington,medHHInc,121964,15255
53033030308,Census Tract 303.08; King County; Washington,medHHInc,83026,23791
53033030309,Census Tract 303.09; King County; Washington,medHHInc,81119,15745
53033030310,Census Tract 303.10; King County; Washington,medHHInc,113750,19754
53033030311,Census Tract 303.11; King County; Washington,medHHInc,106953,17520
53033030312,Census Tract 303.12; King County; Washington,medHHInc,88235,24155
53033030313,Census Tract 303.13; King County; Washington,medHHInc,61115,11410
53033030314,Census Tract 303.14; King County; Washington,medHHInc,67917,14668
53033030403,Census Tract 304.03; King County; Washington,medHHInc,103713,12818
53033030404,Census Tract 304.04; King County; Washington,medHHInc,115250,15312
53033030405,Census Tract 304.05; King County; Washington,medHHInc,104293,22048
53033030406,Census Tract 304.06; King County; Washington,medHHInc,100114,16773
53033030407,Census Tract 304.07; King County; Washington,medHHInc,98523,14312
53033030501,Census Tract 305.01; King County; Washington,medHHInc,29570,9225
53033030503,Census Tract 305.03; King County; Washington,medHHInc,87188,18707
53033030504,Census Tract 305.04; King County; Washington,medHHInc,79600,9496
53033030600,Census Tract 306; King County; Washington,medHHInc,89375,12901
53033030700,Census Tract 307; King County; Washington,medHHInc,66655,20992
53033030801,Census Tract 308.01; King County; Washington,medHHInc,72083,11054
53033030802,Census Tract 308.02; King County; Washington,medHHInc,83114,11777
53033030901,Census Tract 309.01; King County; Washington,medHHInc,91641,13353
53033030902,Census Tract 309.02; King County; Washington,medHHInc,91856,32233
53033031000,Census Tract 310; King County; Washington,medHHInc,136027,16377
53033031101,Census Tract 311.01; King County; Washington,medHHInc,71937,13609
53033031102,Census Tract 311.02; King County; Washington,medHHInc,82206,13170
53033031202,Census Tract 312.02; King County; Washington,medHHInc,105506,14079
53033031204,Census Tract 312.04; King County; Washington,medHHInc,118799,10595
53033031206,Census Tract 312.06; King County; Washington,medHHInc,99767,11864
53033031207,Census Tract 312.07; King County; Washington,medHHInc,101655,20153
53033031208,Census Tract 312.08; King County; Washington,medHHInc,102875,18651
53033031301,Census Tract 313.01; King County; Washington,medHHInc,120000,21827
53033031302,Census Tract 313.02; King County; Washington,medHHInc,119632,13450
53033031400,Census Tract 314; King County; Washington,medHHInc,125035,28234
53033031501,Census Tract 315.01; King County; Washington,medHHInc,117652,20241
53033031502,Census Tract 315.02; King County; Washington,medHHInc,110221,32868
53033031601,Census Tract 316.01; King County; Washington,medHHInc,127250,10446
53033031603,Census Tract 316.03; King County; Washington,medHHInc,142432,14946
53033031604,Census Tract 316.04; King County; Washington,medHHInc,141563,16501
53033031605,Census Tract 316.05; King County; Washington,medHHInc,154792,23969
53033031704,Census Tract 317.04; King County; Washington,medHHInc,113829,23205
53033031705,Census Tract 317.05; King County; Washington,medHHInc,133594,42643
53033031707,Census Tract 317.07; King County; Washington,medHHInc,156389,28744
53033031708,Census Tract 317.08; King County; Washington,medHHInc,78750,25498
53033031709,Census Tract 317.09; King County; Washington,medHHInc,139219,35241
53033031710,Census Tract 317.10; King County; Washington,medHHInc,113731,25223
53033031800,Census Tract 318; King County; Washington,medHHInc,147813,20885
53033031904,Census Tract 319.04; King County; Washington,medHHInc,163920,53489
53033031906,Census Tract 319.06; King County; Washington,medHHInc,121053,29234
53033031908,Census Tract 319.08; King County; Washington,medHHInc,76484,14990
53033031909,Census Tract 319.09; King County; Washington,medHHInc,100655,35938
53033031910,Census Tract 319.10; King County; Washington,medHHInc,118913,18848
53033031911,Census Tract 319.11; King County; Washington,medHHInc,161149,22109
53033031912,Census Tract 319.12; King County; Washington,medHHInc,100903,8527
53033031913,Census Tract 319.13; King County; Washington,medHHInc,184792,77767
53033032002,Census Tract 320.02; King County; Washington,medHHInc,136573,26478
53033032003,Census Tract 320.03; King County; Washington,medHHInc,151528,20788
53033032005,Census Tract 320.05; King County; Washington,medHHInc,123721,15522
53033032006,Census Tract 320.06; King County; Washington,medHHInc,123608,21009
53033032007,Census Tract 320.07; King County; Washington,medHHInc,139493,52210
53033032008,Census Tract 320.08; King County; Washington,medHHInc,149643,18758
53033032010,Census Tract 320.10; King County; Washington,medHHInc,131042,30363
53033032011,Census Tract 320.11; King County; Washington,medHHInc,169615,12497
53033032102,Census Tract 321.02; King County; Washington,medHHInc,173250,24613
53033032103,Census Tract 321.03; King County; Washington,medHHInc,119906,13182
53033032104,Census Tract 321.04; King County; Washington,medHHInc,135862,20186
53033032207,Census Tract 322.07; King County; Washington,medHHInc,214348,37305
53033032211,Census Tract 322.11; King County; Washington,medHHInc,187500,26695
53033032213,Census Tract 322.13; King County; Washington,medHHInc,250001,
53033032215,Census Tract 322.15; King County; Washington,medHHInc,250001,
53033032216,Census Tract 322.16; King County; Washington,medHHInc,250001,
53033032217,Census Tract 322.17; King County; Washington,medHHInc,250001,
53033032218,Census Tract 322.18; King County; Washington,medHHInc,172450,24110
53033032219,Census Tract 322.19; King County; Washington,medHHInc,181451,23264
53033032220,Census Tract 322.20; King County; Washington,medHHInc,157464,24928
53033032221,Census Tract 322.21; King County; Washington,medHHInc,235625,48227
53033032222,Census Tract 322.22; King County; Washington,medHHInc,126250,54865
53033032223,Census Tract 322.23; King County; Washington,medHHInc,208221,26988
53033032224,Census Tract 322.24; King County; Washington,medHHInc,232995,30462
53033032225,Census Tract 322.25; King County; Washington,medHHInc,188333,24912
53033032307,Census Tract 323.07; King County; Washington,medHHInc,173832,32128
53033032311,Census Tract 323.11; King County; Washington,medHHInc,200391,47860
53033032313,Census Tract 323.13; King County; Washington,medHHInc,145281,10776
53033032315,Census Tract 323.15; King County; Washington,medHHInc,191531,41915
53033032316,Census Tract 323.16; King County; Washington,medHHInc,241343,37853
53033032317,Census Tract 323.17; King County; Washington,medHHInc,214452,20775
53033032318,Census Tract 323.18; King County; Washington,medHHInc,250001,
53033032319,Census Tract 323.19; King County; Washington,medHHInc,113882,21063
53033032320,Census Tract 323.20; King County; Washington,medHHInc,247610,28993
53033032321,Census Tract 323.21; King County; Washington,medHHInc,250001,
53033032322,Census Tract 323.22; King County; Washington,medHHInc,228750,24116
53033032323,Census Tract 323.23; King County; Washington,medHHInc,207198,39516
53033032324,Census Tract 323.24; King County; Washington,medHHInc,167875,50886
53033032325,Census Tract 323.25; King County; Washington,medHHInc,131987,26642
53033032326,Census Tract 323.26; King County; Washington,medHHInc,224929,37540
53033032327,Census Tract 323.27; King County; Washington,medHHInc,151750,17148
53033032328,Census Tract 323.28; King County; Washington,medHHInc,226781,61934
53033032330,Census Tract 323.30; King County; Washington,medHHInc,144531,24156
53033032331,Census Tract 323.31; King County; Washington,medHHInc,142437,15028
53033032332,Census Tract 323.32; King County; Washington,medHHInc,225905,29995
53033032333,Census Tract 323.33; King County; Washington,medHHInc,179613,64635
53033032401,Census Tract 324.01; King County; Washington,medHHInc,155288,20641
53033032402,Census Tract 324.02; King County; Washington,medHHInc,154116,32061
53033032500,Census Tract 325; King County; Washington,medHHInc,171369,24647
53033032601,Census Tract 326.01; King County; Washington,medHHInc,153194,41521
53033032603,Census Tract 326.03; King County; Washington,medHHInc,224286,77828
53033032604,Census Tract 326.04; King County; Washington,medHHInc,193634,25763
53033032605,Census Tract 326.05; King County; Washington,medHHInc,204153,44988
53033032703,Census Tract 327.03; King County; Washington,medHHInc,126250,29915
53033032704,Census Tract 327.04; King County; Washington,medHHInc,164310,26427
53033032705,Census Tract 327.05; King County; Washington,medHHInc,152554,25822
53033032706,Census Tract 327.06; King County; Washington,medHHInc,154534,41964
53033032800,Census Tract 328; King County; Washington,medHHInc,112250,54856
53033990100,Census Tract 9901; King County; Washington,medHHInc,,
